train_file_name,life
002ece6be8b41a5613aa.csv,1417.2700190406545
004a2ad4b735329a3e23.csv,1124.2019034133516
004c675bb05d447aa94b.csv,-95558.24814997212
0120bc1afed1186f5b79.csv,-20696.391042234565
013898c56ddfd3f53350.csv,2785.4181707047956
01dda06b5ab0a3de630d.csv,2922.09143838306
01e7ba5662e5d918871f.csv,1139.9444324216747
01fe37e0300faca21f25.csv,2046.7845648944253
02cf0f73d0eca3a1de31.csv,3116.257638910274
02fc6df7ff590a82d546.csv,1873.9665715059614
0337de7d2c1fcf58ae0f.csv,1383.1843464736621
03c885d905a0d899fd95.csv,1362.756241971683
03cc8d9a5cb2549a6cbc.csv,2606.457566049278
03ec8217bdd0739b5c2c.csv,3027.2890754849914
0422b1095cc935bd0d00.csv,2696.152016925766
0426217c87787caafefc.csv,1101.3492898051732
04805287ab6ca2162c6f.csv,1249.124747816476
04b178bb733105fd25ab.csv,2246.8589087349096
04df35c6a43e5c732115.csv,1450.12636617695
04f022877a01a9fe93f1.csv,1871.2479637853335
05432877894ab7e05529.csv,1837.9357228777135
05528d744e3542f97150.csv,3006.821806278157
05bff8e31e50ff07faa0.csv,1186.7476305206123
06031d75ccb6415775af.csv,-2743.6244697903826
069253da2e9e10d22eb4.csv,1415.991640931083
072916cb3e244a46d6ca.csv,1107.2656443889177
0768a7941e3247e8cc6e.csv,3181.6602123222747
079fa4edd278644aad24.csv,4719.880185424388
08fa496e63f8e9acc409.csv,1535.7540751268286
0907ef0c2cc934c85d99.csv,1171.3400703837194
092db9e6eebe826b69e5.csv,2754.622724510372
09416aee14faca4ca1a2.csv,2524.858624145333
09cf7e03174f61841158.csv,2776.3358580771655
09dac7a0ca857525965b.csv,3664.8691391853577
09f3f2ff67560e566e57.csv,2369.590272651507
0a4d2d01351b06ef0e10.csv,5800.965094828967
0a9d027d1a89abf9db66.csv,1677.1250467799327
0b09e99d2c09d01dfcdb.csv,968.8271948801441
0b6f598d6931588a1d6d.csv,1024.6845034362393
0bee792e47533b8fdd8d.csv,898.6370593690356
0c1def9f76ea1de5b614.csv,1035.0089712120885
0c255434659ba17b8ef0.csv,1957.7957795181537
0c3f4332cd04809fc382.csv,2909.882194593973
0c87dd186cc9f963e1f3.csv,2656.160922380982
0c92953af773335af074.csv,1292.844239433481
0d7d22e78e1fe5353aeb.csv,1245.9243444854023
0d82589dab6de42e5671.csv,2215.753323850636
0d992928574dc537d7e7.csv,2671.378262494514
0dd54eaf74ad1f8f1cd4.csv,1862.7225095886256
0deeec290debadc55efe.csv,25529.852073804843
0e1db071c364c541b464.csv,1347.1054398284841
0e25d810d1b1e936fa6a.csv,850.3519537456881
0e60f51059f38ffdebb9.csv,1957.8089039583695
0e671ab85802f28eac15.csv,569.261046769518
0ea13ea8f09dc71973b9.csv,3005.7344060080554
0ea6d71aeb970ea7edfe.csv,1461.043933768005
0eaeb3bf907abc32704a.csv,1756.2470495219914
0ebf93be80efc34d256a.csv,2765.3537842697406
0ed3553a4531cc9ec4fe.csv,533.3776271533635
0ed6a06a6db6f6e1d13b.csv,2516.7541708476883
0f2f9961f08d87197520.csv,-12683.154390629681
0fee1e62841591d42009.csv,2228.2929183849074
0ffed50abf04087c83e0.csv,2977.964444296731
103ee18ed94f7687cf67.csv,3267.7687337401508
104006ef91c13a94d0c0.csv,1621.587745520685
1077dd66f1e1b3d26142.csv,2708.241697575304
10a9753e91fc1222468e.csv,2523.9142877686736
10abd672c9cadd1f528b.csv,1880.831114239356
10e5f09046661275f69b.csv,2360.204187225378
127846d5ba2836bd0ecb.csv,2403.6950025750707
12a1947b308560a4112c.csv,2668.6904069071
12c0c2046ebaf4c1b247.csv,1521.229651945196
12d6019e830567ced0ec.csv,461.567731316195
134f38fcee59fb36cf24.csv,2647.2343439170168
13a43fcb7941871bd945.csv,1739.1862944581885
13a61495355fe904e7c9.csv,2112.6751217070387
13df215673fe44d8dae5.csv,886.2593414336218
14ad067919ed6167d71f.csv,2172.7345630331783
14b6220e987f6c83e6cf.csv,2537.90167650741
14cef655b93f81045b20.csv,1295.1656696828445
15176445585b03a99453.csv,2462.89980482745
170e0d520c61529cec84.csv,1305.585077573303
17725528a2a3ea3e1472.csv,1229.0216056942522
1777217e7085a1585e17.csv,2880.1085291970303
178c4b2e8bab23a6a776.csv,1753.533702407399
180402ec70eec06c1c52.csv,2181.24038202312
184c892c9f272e9cbd2b.csv,1648.6782427214325
18ac0b1e758da8268f8d.csv,2484.613974348654
1965423bf4b0c6687587.csv,1851.7062798773418
1967f2e041d5deddf3a6.csv,2738.167014917612
196ab9fb2630cfde1053.csv,3756.918094057175
19a65adf276f32270e82.csv,888.6036181883813
19c70eebc8e3d62441fc.csv,2855.209993419943
1a48ee28adff88aef0bc.csv,1352.0305067633742
1ae015444afeb7eb9729.csv,-138.92886694315337
1be7fa3b928a9f78a6f3.csv,2838.936460843547
1beda8e05a78243299ed.csv,822.5831556780383
1cb8ffd7cf94d0368c31.csv,1530.0607342773665
1d452d2cdca58b7fd7f2.csv,1895.0230510932834
1dff4d5c7e5750105668.csv,-5122.654408983143
1f808a869b1848506311.csv,2858.4012840444043
1ff6a09806b4c92d55c5.csv,49708.50582125567
2005a909fa63bfc1836b.csv,1248.479617732908
20138097ee32effca5fb.csv,1988.8746455514552
20196d6085c7cf99e665.csv,2614.172378570978
207fc9f9980b43999314.csv,1522.2448836049407
20a29ab4608acc312c34.csv,3199.7128222937217
21b409349ef7f62099bf.csv,1675.2223073879059
21b7785157007f53403c.csv,2329.901250514984
21d38f87369107e8040b.csv,1157.0511375539759
21d6c960f8f623162714.csv,1582.301175699733
2209b3079837c25c8913.csv,3002.627163844879
224b64216a61c78ba62e.csv,2919.4204619672823
22a67f14ae6dd8aaf763.csv,1543.974160318262
22cade966066c8be9e3b.csv,1449.909486405315
22cdebcf8a8dec1fa269.csv,3130.0589116207166
22d07e1b4187cbc652a6.csv,7909.268242023239
22ed222d6e713e2edcbe.csv,4750.8587832661415
230d1ebfdef59f5f0402.csv,2702.393572301491
233eb631ada6f6e72d3c.csv,577.3833934496477
2354b14ed672c30a1d9c.csv,1932.6146314568352
23747c9166c58c4ef87d.csv,2536.551141193852
238cdf7cc128476f55d4.csv,1035.1661037116735
23b17f1c9c8a442f8395.csv,818.1858262822916
23cd1f9bee6d8b36b6fb.csv,2285.246118719486
2577fbd2b7ccd15f87d4.csv,2485.345741692765
25f9d0d01cd144643b5e.csv,2658.4898509301197
25fba77a31db96e3baad.csv,1615.8121644873695
2606cd2614af6a50a8c2.csv,2738.319239496955
265de7e1b732771ee2c4.csv,883.9529152915999
266e3bd5625b0fddb5c9.csv,2636.882467102078
26a196c7c0a6354d1f1b.csv,61120.03866691299
26b5413ad2611d82194a.csv,758.1268233361161
26ed47b59fba5c919a07.csv,2969.455915035356
27318fd5368e2cb111d1.csv,1818.7835640258927
27b87abd207fad310365.csv,1228.5110096008889
2848c01b1b2e522b6125.csv,1685.5502820042936
28ef292e124df5c367fd.csv,3910.9146436943606
293217aa860caaad189a.csv,2363.1264122604216
299de35f62e89c6e1862.csv,1191.150029721599
2a0a3993ec04762235ef.csv,2885.7486692475295
2a1bca4c31a2cdc8214d.csv,2629.589101012289
2a3cf39647437d6980ee.csv,2528.623466452283
2aa9424586f65f62c4d1.csv,2550.98160459066
2ab401f6ed7d0c7f8e87.csv,1247.232086496587
2aeb839bbc8f7d309255.csv,2510.6680401781323
2b8a81801ee0691e5479.csv,1221.1225945710762
2c3726b2eeeab11018cd.csv,2751.5400747507447
2cb7b26fcaf6bc4c45de.csv,2750.120075791156
2cee1c6e4b1522dd824f.csv,3528.806459443151
2d8b4a7320684ccfc911.csv,2946.6845264251056
2db367ee9f2a773166fc.csv,1927.3191393689754
2dec6870d6e69c968e18.csv,1347.7822900914468
2e10ecee05f3cea69709.csv,2738.359457582105
2e9e3494d1f468f1038e.csv,2602.991997022115
2edd5266bac53200887a.csv,7597.998182712474
2fa906de26675b910663.csv,2349.979673646779
2fc1bdab8648ca170e21.csv,2655.861571448186
3036c22d89984704e205.csv,2585.696836356445
30aee8a65fc52352a7b1.csv,1301.151265487606
313813c2594446be8774.csv,2992.3965120900402
315517fca19e0f779d7a.csv,1714.922046748707
3164bc68e40168245f3c.csv,2239.8215470945447
3209562c996659e3251b.csv,2703.908983088786
32edf9723ec17b15f0e6.csv,812.9567844781951
3323fdfaf8c10f946436.csv,2363.003472596051
33e1b2c417a12ba3e5fc.csv,-12395.189841596466
343f3bce2b897c2450b5.csv,5307.538486797355
3495079adafce7371ced.csv,2042.1689851987392
34fd8c9780a925632813.csv,1614.0994110350555
350abf0cd265fe38bd13.csv,1516.8323051605869
35aa592e84d2475ef08e.csv,841.5312240990015
35cc6efda6eb8afea5b2.csv,1465.76175097415
36249d06d1ba97936b7d.csv,1416.0552855617452
3780230abaa9b404b19e.csv,1859.0657667479359
378cdff3e3a2740d3bb1.csv,1994.7124382655484
37ad7a86426b7f030bc3.csv,2197.7063911049136
38640d02a12a595600d0.csv,2298.908107298667
388be39af589d1e229c8.csv,2715.2129894004265
388daf80b25995dd5514.csv,326.4655793867729
391953a3a48fb7444b0d.csv,2631.7835102573003
39290cbb19f0db74463b.csv,1432.1367127784251
3b38b08829efd152229c.csv,2815.953015170722
3b61d01f087c1661ee52.csv,1740.8628702703777
3b88cc71a6bc76670c38.csv,958.7837533403773
3bb6346dde7e740033ee.csv,1033.291205381884
3bb9f00914749b92628c.csv,2335.081261234986
3c19ccc0a2de10d1f19e.csv,442.75659624900584
3c269d738e4c011a345b.csv,3266.9796263788594
3c4119ccd1a12e59f366.csv,2769.3719354451823
3c818b0f8e5ceb8944f3.csv,431.45447009911163
3cf6c80e7bf3f2d9c634.csv,1020.5155202101538
3d447f52ba21c73b19de.csv,2311.30485388818
3de48a5ec94f724db261.csv,2448.655883599232
3e183f81e3e4988c8a4b.csv,4009.017163526862
3ee54a832c1ee399c65c.csv,1473.2847116589023
3ef655b0c11dc41f8a0a.csv,1637.154268880519
3f3d9cf791376cdc567e.csv,2716.7924493679734
3f5a203c219b5debb715.csv,1574.3698968545848
3f9ea9b76a7d494a7902.csv,1700.715459373409
3fc5cd1a8684a97335a5.csv,1335.5453470571542
3fecd08e6a9316ddf804.csv,2751.2150586126872
4031b00a8072bd73d077.csv,2780.4044651801364
405121d8ef58f6ab3ce2.csv,5001.112026666561
408ba308551c1634de12.csv,2507.2047199901563
413d7999486fa25f838e.csv,1157.3619253793674
4147a5cc5684ab9a32d5.csv,2644.755171204229
415bc388e3e49caf394e.csv,2268.046579796221
41613bf6809dc7275189.csv,5002.975206065444
4175d6ad6fdb7541b89d.csv,1196.4562125815414
4190f30f482fbdb3a644.csv,3981.640720342987
423802f96aa41e03432f.csv,1905.5133407207538
424590ce85a9441d5835.csv,1639.7048469090676
424e4baec6d978e7c7ff.csv,2633.8398926142963
432dba3078f95f8599c5.csv,2248.5170102163656
433223f5bdc6f34fd07a.csv,3416.0302094611966
43a21df67eab8e7ba346.csv,2336.5280157940024
43a49c9d3623f5e0b216.csv,589.8044465189413
443df26c1118d17b1b18.csv,2518.3658503219626
44d57fe18da23aa58506.csv,2178.1025344633667
44e80cffcd538699166e.csv,1262.0425366505606
45921c5e055278632b98.csv,2269.798016119468
45a86c6802c04546e87a.csv,2831.7646244981847
45bb757a38a7a06763f0.csv,2720.444064040135
4697e08678c8543b6eaa.csv,1941.8080715336114
475adebc56a2af80e18e.csv,2309.7631241636986
4798ae2a0699f4ad8a46.csv,989.0861952940411
47c72950d535ef6fc75a.csv,938.1522378057102
481e5b3f3cc2de5bd75d.csv,975.9617309776538
482341a22b26fe7389d9.csv,1223.8144581583442
4833c738923d32f03d20.csv,831.0222103790331
492dfb2056b305bba591.csv,2719.989201127231
4937bcb362d2859c6112.csv,1229.5028656815227
49fbab7275825021e96b.csv,2149.7502867950884
4a3b9315f9cf3552ec52.csv,2566.9610498934862
4a4d2ea37ff02d3052a2.csv,-3509.4822227738227
4add4a0bbb8aebd2c30f.csv,2592.2070720818742
4aedec21d146faff637c.csv,2628.473492794586
4b26e94f71cacff0e7ce.csv,1724.6345992442202
4b29daa21137b48fd9cc.csv,3016.763548736076
4b56d2ebeb50568b660c.csv,3029.5499254998545
4b6f27ae8712a30f4657.csv,2341.704322948498
4b768b1831df340863f1.csv,1984.267497286105
4bbe0d0d81f17765a9cb.csv,2329.5045418478744
4be611ccd8f687ab34a3.csv,4442.350764975417
4c3262f493c17472915d.csv,716.4288111053158
4c3a8faacd54edaf12da.csv,1864.8713977695431
4ca06e3462ab7ffbb639.csv,1913.3000011432523
4e14e3acd190e5e8d373.csv,1318.0489572653526
4e360ee8c1c2d5a131aa.csv,3643.593543719748
4e4201410e308f3fdc62.csv,1087.241610836707
4e59eaafb34023a534e7.csv,2185.172164033883
4e724aa1569d76d40013.csv,1856.5726521540464
4e79d625a3897c8ea87c.csv,820.1197603898397
4ebfb33125cd5e5821bd.csv,1708.393856622678
4ec3d1f7613bd2bb1a7e.csv,1151.7478789187824
4ede59196a3f12e53f00.csv,2322.2111902464026
4f3abc49adaffcfe63af.csv,988.0417764211235
4f455bc6cfed05244e11.csv,1426.0553624494462
4f4f84c4cf4e4a571744.csv,2035.3015072462497
4f91f11868af1a7f72cb.csv,-922.357251959098
4fc41cc4613d76c6e1df.csv,703.2780500824831
4ffc345083ebfe8b747a.csv,2573.7758873454945
503a00471b74cd05cb2d.csv,1350.6544061891743
50938b11e01d8b9af02f.csv,1261.9064041469885
50c5e28147b50a34714a.csv,2625.3461617009325
5188c7a86a234c6d0148.csv,3002.263057016477
51baf3f35b4ad48b5dbf.csv,2521.4849669741116
51dee2f56579109c87dc.csv,7183.874445396691
522cdf9d7315245a7fa1.csv,2862.570986641416
5237062929f9161f2976.csv,2333.9222250433972
53a55e8409e5d76da475.csv,3346.9470527298595
53b8fc0b93ab090b4f49.csv,2587.583038446381
53cb9997c05051a7363f.csv,1219.659602902095
53d55dadca53aabbd646.csv,10353.857936778022
53f2cba22b919564e070.csv,2215.6356351673553
545ddbb4077bc43fbbb4.csv,1374.8105434371694
5478d69a236045cb5f55.csv,2365.0822614110193
549934449c5364029352.csv,2772.3613124864164
54a7a541c55924dfc137.csv,1983.1860763122518
54b6c46414840eb8b1be.csv,-2340.2989074234165
54cfdea9a5ca9bb46397.csv,2205.8308471084306
54f14fc222d9c52b3d48.csv,1328.9868791126587
558d7effbea64e83c624.csv,3109.2061230425807
559a7e992028041b5495.csv,2224.805905476544
559cba6a2fd7de06ad67.csv,2477.145917302977
55bcf8003547940af602.csv,2970.1683720491237
55dcadfa4df05656ffce.csv,352.7288995933924
56017b728f9764ca2569.csv,3095.373012922853
5607ceb132d5198d6e2b.csv,2024.989988452943
564e7bddd35ce24eea7b.csv,2323.51467334494
56679d5450efc361decb.csv,2256.305703327454
569e4499e04ac93ea093.csv,3323.8237627942563
56afc52689cfed606b71.csv,2433.3824504318504
5702ad7483c5b47fe832.csv,-7583.861088520833
57089ed5028ce4c51ecc.csv,2900.0823251332267
57744b993fb838754670.csv,2862.745338690636
57973ccc9ce9d6370319.csv,3033.4279316315183
5810bc36768e78fe9709.csv,2734.0223046382407
5843901f72f96ad9e6f5.csv,1133.0360343825619
58c390d2a39b28a63ce0.csv,1381.9654094739635
5902cfbdb5b78d8c0e63.csv,3286.0713489995464
5986eb039f885b348d62.csv,876.0477975426173
59f64f94942d186363f5.csv,148025.88172997267
5a273b0e27632bac1781.csv,3315.898056864798
5a384b143768ba94bdaf.csv,2816.1539901479505
5a8f21c60646d0c36803.csv,3449.078709992544
5b60c6c57275612b610c.csv,1216.0134757904032
5ba4e8098d3030ef8438.csv,1886.582435523611
5ba5e2e23018cba147bb.csv,1229.7994836753846
5c007e2d4ed833877a40.csv,1425.410854011064
5c3b3aeb4db8b5829efd.csv,1076.269904099153
5ca263d12c8f85d967cb.csv,1402.7417506739616
5caf16a7b8a60d38301b.csv,1780.1147792820582
5d0820a2b8962be27efb.csv,1531.5353833896793
5d0c5a08971706db2f50.csv,5514.781046911847
5d8ade3a50d68c9fa4ec.csv,-17040.75058766933
5d904abc9fc04e0dbb35.csv,1792.1046032929569
5daced602d370d65ba7d.csv,1435.6021435717291
5dcef6eb10ea4a05a3e1.csv,1202.5936345210096
5def9e6d8b72826a2713.csv,2633.9154716357107
5e59ec2f1dee1f0d1dba.csv,2458.2561315297003
5f0a9a4f95df987ca699.csv,2546.9647653502184
5fa479bef8899aafaf94.csv,2364.192464073192
5fdbb8faffbb754f806e.csv,2673.7050765222616
6055ed91fb98f4ee62e4.csv,2645.781231966377
60f49f8c26ef9f7e99f0.csv,1459.1951322744844
60f7a1224cc74ecc43f0.csv,2879.294057890259
610a49759012fd6027b8.csv,4005.8742987073874
614076148940d5ce36c8.csv,1063.0464718380347
61fce96aed14bba00a11.csv,2657.1596770736373
62088431a81046c24519.csv,1970.5907980458212
6221f52c1b1b8557e2d6.csv,2159.6106173948388
62671dae7fc0061b72e6.csv,1536.1632729482399
6273c2675e375908b03b.csv,2258.3606101759783
628506b3b32325c0f1c7.csv,1777.580970502547
631e1e5a524984e84b21.csv,2620.806406147257
633240f80c4d260a0399.csv,2583.944514708321
638ce9e9505c6ee20360.csv,2366.1513148145423
639252e21fcdb0d1dfa1.csv,4488.291140759351
639d1fecbe425742185c.csv,2764.078344474823
63db615b0a63540cd2e0.csv,3743.5687466128297
63fbcdbfe786ff97f379.csv,2797.5526083914465
6455a8bfd5f19bd77eaa.csv,1168.8680440888822
645cce12c09545d9efc8.csv,2570.536467844401
6466d711109a4254e7b5.csv,1317.7446252416123
64c8532742cef936f6c3.csv,4459.027533236391
65657f592decf6d14040.csv,-2735.8250706483805
659a34281cc2fe85020e.csv,1418.9270572059631
65bbf6d7a405afa6348d.csv,-9397.17733399453
65bc1c8c4975caff0964.csv,-167.93353520000446
65f046177650d25f7b42.csv,-16527.555173115845
660095e48c507ec4b779.csv,2565.3767285549684
6610566fd69f2de55499.csv,1867.957085211927
6627dfb8dffc5aa4bf33.csv,1601.1991914289895
669d0552cb4e2dc66400.csv,1526.4500441473983
66a085e075bad5991c44.csv,1257.8536794270192
66d9ffe2771b242e3fb7.csv,1536.9794605265909
670fadfb11cf392c4a62.csv,1414.1760311037776
6755f0498a69bfe1a017.csv,2951.93439636702
677dd27a7a252c6c4997.csv,2192.01906563606
67a70373dc4d39abeff4.csv,3067.17222621748
67a9ff5918eda0f4b978.csv,-108.13685904200432
67b6582ca189b1b45e61.csv,2770.172282037758
67c1fd12966135ddc671.csv,2370.054938010214
67d89601c89943a750e5.csv,1894.1483463595873
67ece4ac28a467652dcf.csv,1745.5250935668694
6914adcde04a52db471a.csv,1360.8455414488403
6a80ba230f45cd486a0c.csv,2108.620731989371
6a8fab4c81dbb654ee36.csv,2653.5534689734363
6abc999c4183b82088c6.csv,1138.4229217162253
6b1b6d247f1be1438788.csv,1310.8912032862656
6b1c64810af7b3d80ec3.csv,4005.495395583578
6b4a9f7bda7061282a1e.csv,877.256640565707
6b540498e6a78c5cd35e.csv,1464.0063589922088
6ba868cb73ee85a8756e.csv,2599.2035877925546
6c003c2e425c60cf74cb.csv,2646.2493304700006
6c0517486d2dc28be630.csv,-2099.171538567904
6d44b2e3fb0fd0d9e59f.csv,2018.2153006936076
6d8faf90513838a3aafc.csv,2339.273192283511
6d98d361df0ac05eabc9.csv,1020.20379659535
6dbe442e941946b67061.csv,1276.43209736584
6f81e9fb64ae67a697f0.csv,1338.373729293957
6fce6e22e590119a42d3.csv,1496.6017331176295
6ffa53c7541bc5f07932.csv,1408.4269336654322
70037351af739a7bb851.csv,1380.2047339306248
701f2a142828efbb1154.csv,3186.9240750055606
703211d583e0ae23e095.csv,1552.7866459091001
70a036eceda840231966.csv,2858.81639865293
70afc0d659dd2b46a8b4.csv,958.7926157638038
7113764ad6028b5ed289.csv,-17966.69535032503
71dea9d0551f01d2bc7b.csv,2675.7428161763014
72238fa52455a34ca53f.csv,1113.0261764180234
723aa445595e1409fa22.csv,3245.277769417613
7277b48abe4d5e5ad9b2.csv,5468.422558871049
72a8ca532f824d9b441a.csv,2272.622781712652
72f8718f8edbd90ca5c3.csv,2388.8312939916377
7315ad9ff29c78299940.csv,2454.9012136163105
73420ed02a82943d3fc1.csv,1122.4398322242455
73426e7bba43ac262013.csv,4607.5398215550695
736e8e25e1c8ff8823cc.csv,1091.7962877229986
73dc578b3fe92145eb02.csv,952.0312062834404
74082755327daa5fc53a.csv,1776.0508039368744
740ffd20c5dbb5f57fee.csv,2948.252451065737
7427babdaf4b58b41cbc.csv,1795.6442104945006
743df2f99465c1138555.csv,2297.237266700562
7545e8b2a0ea3fe17377.csv,-8218.859224577101
757dd0b6b5765dc03451.csv,1327.4061441911933
759a0e95be0acb07d84d.csv,1044.4013438410896
7606211a4faa346d0e51.csv,1975.6658444403813
7612db7fa434f7120feb.csv,2899.2222228849946
76b46f1678eb8284258e.csv,2284.1733589640244
76befeafc537612ec7db.csv,-4337.660024405382
76ec4145f63263adbb5e.csv,2677.6026939129124
771e53c117c598a8ff15.csv,1232.8262095275204
777297785ca7e91259c4.csv,3127.267501701058
77bff199fa1b15e2b812.csv,2345.432661596807
77dd9b5fe60ddad34cd0.csv,953.7895291038708
77e05583740f6db4791f.csv,-1707.3187442813824
78016389019744ddd653.csv,3147.2024438354733
781e751c46c9b7612a39.csv,3544.7251987525565
7847f5f128b63f6cf30d.csv,3283.232190867506
78f5841c75a24704ae41.csv,2844.4870097939584
795a3443dfe64d3eccb7.csv,437.32062692462733
7a240a103dab78dce771.csv,3127.5486784137206
7b044b502d92427f2262.csv,2274.4419052262356
7b3c86bc3b934daacd7b.csv,133800.50016495708
7c0f75760ee53461a859.csv,2708.0085060323017
7c9501dbadb88a7aefba.csv,2598.8402586709053
7cb6717ab647a2a24631.csv,3710.3728451191228
7cfa73fb85cd1d7059bb.csv,3145.6472884978416
7d61aa90e2a2708d491a.csv,2381.774285034876
7d6873918e1cdf7e1003.csv,2480.572496585241
7db9bbd358dfe0769353.csv,2810.6508922963512
7e173d08c77fed72b5ff.csv,2651.800190350651
7e33dabfc04d6558a722.csv,2211.7909878602995
7e74d6fbb38ddc2a9179.csv,3579.6497887430796
7ec8b46a0dee7d4d73a7.csv,2074.5452105441013
7eedf4ed8c03651bc5d7.csv,1014.7830542128735
7ef0bfce06cc2df78d7e.csv,1130.6435408202046
7f19eb1316c34e1d217c.csv,2028.0855588305765
7f96e26fb8c6f90d7415.csv,1092.1720973229167
7f9e0b8763cf9b7c6171.csv,1348.5106362873942
7fc442bb05a4ca901fc9.csv,1005.8571013355657
80404d64e6e1e27e2d2e.csv,2806.4248380828685
80499fec5f88e5af0866.csv,1726.2734746813048
80521f2b13451f2e7310.csv,1711.1897953179873
80e80d87a03d7382c761.csv,1702.4970716461169
80fc427014755c2e8aa4.csv,1798.725671556599
8150e3f981d324c4d4d6.csv,2610.2841629985
81e7d3a226085bbadaea.csv,3066.9143368333494
8244dbc627e7991dc2ea.csv,-193.05657348500532
82658a5a4669e02cf759.csv,4590.62901823073
8283c6e1f27ea8777ce2.csv,2222.922086875542
82b47a6e2c382055201a.csv,1106.9741282031532
82beeb07548607b1f99b.csv,1560.6305498886409
82ccd24fcadd4f2ee2c8.csv,1069034.5149626154
8356e59308eadb61a4e8.csv,1568.2676388526002
83a8e64de58765088bd9.csv,1707.6258133035785
84206f1710fb29ed03d6.csv,3253.271102763017
8453fbc1010850a51bbb.csv,2698.1311567714356
84caaab67d2e0c90c2f2.csv,2710.4948696321244
8529f8590d9f56db9dad.csv,1388.9929662813174
853aff1552eea84d37d1.csv,2614.292950043652
85f07a37576b9e4efc34.csv,2720.1605706922564
86420dc999a3505d094c.csv,2631.023406557209
866e44aa92183f7f6f4e.csv,2530.8054110271264
86ac708a2f40c91ab6ba.csv,1448.1056383423381
871c9d26c0abd4c23917.csv,2722.945544423201
8725cf1a52b5da876cc6.csv,3499.1311024554566
8757793a72ccbf0229a2.csv,2829.3440264406095
8792d537df3078be56f4.csv,2304.420444632515
87c832235ac88f5ce972.csv,1490.8454231169542
87c96c0bb23f5a2b2a5a.csv,2007.151320942449
882c2daaee527394d081.csv,2746.908947198992
88c741a077995761c705.csv,1130.062587763473
88fd15bcd3b009d79e2a.csv,3175.8506145092315
89094d7a771324359c54.csv,-4564.872547898949
892a19f0d3890d6611dc.csv,1246.0972093224223
89442570e71c33da43ad.csv,2788.1924371550836
8946c8cf4b145747236b.csv,1378.0793399837166
8a2146496133420f827f.csv,1268.0773810021253
8a53e5b08f0bbb46e1db.csv,1167.7649714263548
8a5426b1c63a6cf107c4.csv,896.6804294866423
8a5484c7f4bc6c9447f3.csv,2657.1070005925203
8accdf1f4798efb4cd5c.csv,199869.99356941925
8b2ed5b65b6e3ca7fc3c.csv,1051.2387321660817
8b3086c25931ade73b97.csv,2806.7437381111326
8b37b11310aa63cf8dd4.csv,2489.1541135219404
8bcef551637eed9cb068.csv,1188.9829843574253
8bdc114ee6877618dada.csv,791.4485533242292
8c411c3f507d2861bb5d.csv,1405.0664985871645
8cfab814ef68a669e0df.csv,1761.81443256831
8d2b0f90beaaafccdc2e.csv,2158.77418623769
8d5e7eb2770e1d23fd9f.csv,2510.95949264879
8d74ecc31a3b5a795100.csv,2514.2222164691866
8e08ee221855e4d81303.csv,2179.999671423119
8e25e8a4edf3b0ed0b9d.csv,2032.7971535188724
8ed366f8b66545fc9fb2.csv,-19132.512080921348
900243396f5bbc84ed52.csv,4691.185683374291
904642639df1006f8d3f.csv,2650.4023271823157
9050419076076f591d9b.csv,2691.5627883933016
90b11caf4bcd012fa54e.csv,2158.6648991752886
90c34d42bba647190f52.csv,1447.6056912317788
91182b0342b98cc208b1.csv,3148.6750640585296
9154f7f2daa8ab7a8f39.csv,1248.0411161399354
915ef530a9c7ff358230.csv,1972.3939090614658
91c4b8291548cce32bbc.csv,2202.9783114536995
91fe18f03fecb58282e1.csv,1117.1155891214323
9223cf1545ce432b1cb4.csv,7428.62784536992
927972cf716458c0b286.csv,1248.811518449603
9293e354dcf79a48f893.csv,3561.95389298403
92c2a8ba59f425fbec19.csv,900.6825966032467
92f10162f3d2de85b735.csv,3363.5484191833884
931618acd3cdf43bedcd.csv,1385.3416859941296
93211eb32da24ecfd548.csv,393.8529531467854
9335850a5ff397700fc1.csv,2753.3809214304315
93b4a4d77b466892ece4.csv,3283.1952259018017
941747a75b9a751187bd.csv,2643.156050848002
9460c156fc77b04deec7.csv,3288.4585377321628
9495af9e4367a74669db.csv,1404.8701008804885
94bd06e1f52fe863e711.csv,1724.0554573913296
9523c8030c0639957c02.csv,2393.528471129047
953f3eea0aa42b695ddb.csv,3084.497636431975
9598041dc9cae624b5f3.csv,1074.0610532132118
95a6fe0ff9fa5cbb84e0.csv,1614.1013186297107
964871d026dd92c49dbd.csv,648.3362321865335
9701a2d5b30c193e84d9.csv,2741.7053301548567
97b832db4789cdf6dadc.csv,1387.0694073664793
986403598cb644296e0c.csv,2396.7518331628858
9961d2937564b46b7277.csv,-21699.404809595537
99be0fcfa1c1e65341cc.csv,2154.4019640665747
9a1cf08059e0e6861610.csv,2065.4839378139773
9a3582ff8674265cf06c.csv,2421.6653089901192
9ab41516d737a77990e3.csv,2309.298903876046
9ac360932269213a6893.csv,1074.2402257918347
9ad39c46f7a49c1eff95.csv,1326.3830592156714
9b382000a264a8a893e2.csv,876.5046534943554
9c55f8a26c791b188778.csv,3943.307275999791
9cad15061195c405fe76.csv,2393.388343468761
9d221b84c34e9e89f11b.csv,3276.9056020790576
9df808ed7f64372a6646.csv,2799.903724804261
9e316ef4fea3f7f06228.csv,4461.078803337034
9e731c0db4caa3d2e06e.csv,1217.3758347854623
9e90de1013ac11d7480c.csv,2819.001058233973
9f29b6d2bdb830ed5bed.csv,126264.36465437587
9f87058f8b8d5fc9ffe7.csv,2045.7028843951866
9fed61edf1f31b180649.csv,59.025633151021296
a0a352fd94281765bc32.csv,1853.4758330876764
a10dfeebba7838a1b2bf.csv,3425.8872899994712
a12071de40cf87cb5950.csv,3059.920433005516
a14361122aeffcaaad26.csv,2185.057660010668
a152794457e56212afb8.csv,2111.9408582640544
a170849079803ec7f3d6.csv,1263.8380081877822
a1c3be2f433005caa291.csv,2470.051949712011
a1c6c86dd1587237a2de.csv,2751.2927906029704
a20999f2a823a59d40f3.csv,2494.799806907007
a230e41dddcb931e18f5.csv,1740.7478812985075
a237e99c6bcfba4fef2e.csv,2197.2962158237897
a2aee798973193dc0d13.csv,1133.4315099392538
a30a608ba83a58348d26.csv,2870.7811120040324
a434ffab8787735750b1.csv,1670.5518658406995
a4b8df4e42712d59fdce.csv,1223.904461893569
a4be05f1adee01b0f7b8.csv,231.38041754954497
a52ee0d9eec5b9e25057.csv,2294.9959572538914
a56240e1ad0b369ca815.csv,3508.196850417971
a5822fd66f132ea71064.csv,1248.841379000344
a5dfb6790410e0654578.csv,2816.3543721956703
a654e3e7b0af02c0a28a.csv,2734.538662171337
a672c57300eb95b6d6ee.csv,603.7541059555729
a698ba8b0c0711d501f0.csv,1858.169333160346
a6acf0ecd8ced94a1831.csv,2341.388065233559
a6b259c409e43c68235f.csv,2812.0094183689753
a6c6e5df8e739403d091.csv,3041.8251959422546
a7508130883887c64e41.csv,2854.5477914260478
a777c5e17307967f6709.csv,1756.4753517578429
a7847fc898844ae40f5e.csv,2781.6137872961976
a8edf8672d9bdc5780ff.csv,2549.467844961176
a928196f32a05899785d.csv,1856.6100085038909
a92984d20adc59349a01.csv,2724.9869596185767
a92b0d2d9ddbca134ce4.csv,-25595.670831129504
a9815738436f00321fd7.csv,865.076531276605
a9d74378ab89d3a3e7c0.csv,17373.311899701235
a9dbd25fc7fa4430ea98.csv,2970.283861932019
aa39e17069c58e49c51a.csv,2109.5397281234755
aa569100a80c6aed5d67.csv,2715.275128842596
aadc37e9f7d83f0e631d.csv,1604.0248496923775
aafc713c18cae978f674.csv,-7249.3686390790335
ab13e4ea3a6c4d98eb51.csv,510.9927055563565
ab1591bb624e878b28c1.csv,1587.8794364450905
ab17d220eb6940288b56.csv,2598.8188914822517
ab328149105e92fc859b.csv,-864.8495518255683
ab6ad8098c2f14623e7f.csv,4487.429024420659
ac1434ecbe9ee499075c.csv,2889.174105789406
ac204e7f404d16d0e480.csv,1585.6107816614629
ac7575941ec896d44124.csv,1993.7235838320926
ac837b8dcae63b4fa9d2.csv,1771.107686119783
acaf787e2d91ef2e1941.csv,12885.769992587782
acc6fadb8b759344c93c.csv,2850.400858225112
ad13f6771a342cc5f069.csv,-2048.7180234602497
ad3eff13c14fcb8a84e9.csv,2530.706216313178
ad7cff44aceca72018c8.csv,2118.9025953238033
adc0b7aec02c58acc1e6.csv,1055.168988564527
ae66e46a6ff5a39819c7.csv,2672.861408518806
aeb7beb258f511f577e7.csv,1510.827953650191
aec43d8b8317df25ef3f.csv,2386.5786826683275
aed6d81a18916b3e0858.csv,4519.025620078355
af4c119dd4513c987c56.csv,2528.2871241851126
b07e41c8253618cb10b4.csv,2643.5878827257334
b0ac78b10d6494f583cc.csv,1747.7532590090507
b0d1fe5903095979edd9.csv,2752.2153742179476
b0f96711a6c3a2809418.csv,3032.8004497260713
b0f9fe6a73b636473edd.csv,2874.3253720511448
b139a25480c75d189435.csv,2417.3310861318205
b14414cd6e389025f323.csv,-98488.05238480175
b1b85c3509a75bba1542.csv,1194.19635208777
b21195f0eca00fc65daf.csv,1536.228154609724
b22a29250699abb147b1.csv,2556.7300392857687
b2803fbc676183c430ab.csv,1434.7821795186546
b290204fd3aab373d684.csv,2913.6727428395525
b296604d82e4fb56e53e.csv,1214.28955781037
b381a30d98b2feb800d7.csv,807.143889282548
b381a67799fc624f88c1.csv,2781.085345719752
b3c6902e142bf737982b.csv,2335.2969901233787
b44f95d2c0c65c31ae73.csv,2151.704526699042
b4560fd9c11d2fb0059e.csv,1252.0018374664587
b4b2bbe2e9e5999a732d.csv,1997.716766695288
b506ddd7ea406b1422b9.csv,2694.6205962853114
b5392c8bbd0fb101abd0.csv,1210.062787424615
b56fbb632826db056a92.csv,-386.09161543989757
b57a3e0879b08c81c8ed.csv,326.44013813357986
b5cf169484f8f054bb5b.csv,2360.316913005158
b62396c4be01855aba75.csv,1771.209818542181
b691b9355ad942ffc933.csv,2248.454717853257
b6c6b30916d199395255.csv,2767.4766384532377
b6e3543542c0610ba249.csv,2565.045024263063
b6fbaedd97213397c67a.csv,1537.0335580540047
b75ae185dc6aef0a1525.csv,457.5693640772035
b78530d8443508999f69.csv,2035.049100544025
b78e00997b142f13ee4d.csv,1777.4482201283051
b7c5947c95444864f6e1.csv,1979.5737781235132
b81627291d5f464336bb.csv,2485.735925554749
b8761b69e640a551a0cc.csv,1321.3814762628708
b8ccfeb2af40ffdfe6d7.csv,2301.9704201780314
b9466826b4d67aeb5c95.csv,1448.0352802768346
b96e822e1145f8f22dc6.csv,2578.4004162479305
b9887fb61666b7b2bc21.csv,2217.6748273293138
b9a72fa6b9c38b69946b.csv,-493.8617943103282
ba13cec090decae90fbc.csv,1040.7179165927027
bae1b35fd15adf8706a7.csv,2218.7825565656026
bae49c123adfd370c4ae.csv,1342.1225027690232
bb17dcd4839c6be9d9d2.csv,2822.653238744977
bb1994d31f167ff4207e.csv,2695.887541012602
bb1ae37c33c6df049b30.csv,2440.985450411597
bb54301a22a9ca270b71.csv,3055.251750137006
bb73ff57efe471c954ce.csv,1362.4509562852625
bb7b16e1b36ffd2620ef.csv,3432.16537364214
bbbe30ffd3a346b168d4.csv,758.1297765602112
bbecdd0f774458e0001a.csv,1241.3125305283188
bc1edf78885e00e6ec50.csv,2525.2800956237047
bc61e72adf0baab5477c.csv,2550.0708178641594
bc83f541fc7cddf68c2a.csv,3354.9887071740154
bd5dff06a9d5bafa1cea.csv,2375.26150473324
bd5ff7668e46d9e15e9f.csv,1130.3643035830987
bd72ec480c579629c2af.csv,2050.875641524931
bd8a81ee5a0ef9b1e796.csv,2160.812704926881
be14452b0300b228ee29.csv,1855.9169019221945
be23e9d46df711bcfa79.csv,1245.025889503812
be78490f1bf25d5e1d5a.csv,2358.9546598686948
be91e6872272c06027d7.csv,2450.5989412038934
bf8d899762a21a0daf34.csv,3782.20027827371
bffff7face597fad55e3.csv,1284.6810459910923
c00f30bb30fd5348984d.csv,2396.696967702017
c0b17ec98c918df5d3a1.csv,1487.8467344668475
c0b2b6cda9cd80262fe4.csv,2472.550516027926
c0d23b76ac9c1ff92f9b.csv,3234.1624869036023
c149334df4f562a4b885.csv,2850.6442477860164
c194cc916d5beec2296d.csv,2667.511190512732
c1f7c8bc8888f1006e38.csv,2513.1686165128485
c2235b1b3b8eb6d85afd.csv,3053.3299917062486
c23b70446f1d33497ea3.csv,994.4797886831777
c286f8c2a4dfd15890ff.csv,667.1354600631892
c30a68880e8f4e9b8f39.csv,2015.2260349397711
c340852ae09ba8ada235.csv,1420.79679855919
c3856b8f1936bd0209eb.csv,1591.2024023919562
c3b73568661dd780e520.csv,3628.8747656710116
c3c6d813cb85b3ac9216.csv,1193.9215115756167
c4156302e95067adf044.csv,3218.6983931357945
c44501d2031e13601481.csv,1466.8598239945034
c4755a00538e2ee1f773.csv,8072.308856506499
c4979e8d2b081e84454a.csv,2648.536589646435
c4c10e18f80d9bd9d889.csv,5570.044098196755
c4e5a3c1a41fbdcd0581.csv,-4691.902467871458
c53b7302c774cc8d9d11.csv,2486.1774617593173
c552343e0551bbf751d3.csv,2663.718683747493
c55f4f0e713e6830f06d.csv,2658.0455433509806
c59d22b81f06a15e8f46.csv,2387.3419622503343
c5b0278c740ddbb04986.csv,-26518.095206194714
c5bb74eaaf1603f9ce7c.csv,1965.6120786062384
c6381d7810293bcc0b61.csv,2299.719287494815
c643a30cb83a55e7c5e0.csv,2670.317706737335
c67aa9bef2da134d6ed5.csv,1379.9078855851847
c715623b84e5902dc2ac.csv,2170.0916352129657
c7e82579c55e836da8a3.csv,1164.0839472351813
c807e23a95ed3f77597b.csv,2850.3973908572075
c8237d2091c95178e1d3.csv,3586.3354192140428
c8260acfba4334676385.csv,100.1684564801219
c87f7e59d5a4303d0fe5.csv,14348.524836297867
c97b1895ea3ed129e8d4.csv,2082.7471499437906
c97ffe9949dce908f324.csv,2529.5350620690115
c983685b81d2c7a0908e.csv,989.642430355506
c983fa50e633833e0cff.csv,1551.9671444640633
c9e4f372660f83b18f98.csv,2567.222363999036
cb3f4e07a5d9985d657b.csv,1351.0964111135754
cb45696d271d4a2f43fa.csv,2721.773087319519
cb5e5b2096ae53d52f21.csv,2663.749413151904
cb65a5105e0affb74e4d.csv,2025.9194681450049
cb6a34ea353189781fd1.csv,100.77080795170292
cb7eede652156e8f40fa.csv,1521.6976734846892
cc5effded743cd7428ae.csv,1818.7882808600264
cc6caeef2c970c787807.csv,2611.29432185663
cca745bb9a029ae3a95b.csv,2649.439381534981
cced54acb2b0345544a2.csv,1947.2354261452317
cdba4c9773eebabc5d07.csv,175.13727079900042
cde26fa1d1f4c10b4356.csv,2578.8534294466767
ce03b98bd9230da602dd.csv,2608.040694903207
ce4164f59221cf003de5.csv,2108.5621906254364
cf353bf0b80f6e968743.csv,1470.1941615460837
cf3d7d1ab77b3bff151c.csv,2363.3937063328653
cfa4ff3be53e8a6ced00.csv,1009.9588013583489
cfadc08b376e67fb92df.csv,2568.151440397506
cfbd00b3fcc0abbaf30c.csv,2281.2129246302707
d04a65ca7e58cc0886c8.csv,1174.570144583969
d18344e8dcc0453119c6.csv,2544.480484671094
d18c940a0eeb702c7e9d.csv,2989.0385374105244
d1b856417ce78ccec8bc.csv,2106.6056744893544
d2824f982c8e8c254eaf.csv,921.6521071886029
d28cca0bce65fb013cec.csv,1015.2442426080399
d2a9def67e4094113aa8.csv,2890.1157186498554
d2dfbd104cae25d613b9.csv,1209.0935145878627
d2f2daeeff1089ee6fe9.csv,2813.610776789397
d3c3ea58567221c9f7e8.csv,2586.3586156859615
d42d15d636b7bdeee3d7.csv,1873.6843509667983
d4bc7ea92c0a2e537dbd.csv,2801.900102758288
d4cc55fce319ef59ba70.csv,2579.5754207872187
d5a91745b9b04e760d70.csv,1516.1532863420277
d5c20bf47f2e0b28ae2a.csv,11439.334967880652
d63f61117ef3dc43476a.csv,-5361.620242906855
d729680c0670e46435eb.csv,-1446.944019365547
d7d8319f1741fcf40489.csv,-9055.715805084934
d83e353674edabd68ab0.csv,1614.8722920959492
d8581f6b4181c64fe4b0.csv,2736.4714998494946
d89ab9d9aa0efb6b9308.csv,2717.364708711573
d89d7e1bfe435ee59079.csv,2635.086193499025
d90d159b8fd182449710.csv,378.54801415424936
d95f5762b4b8d8c99a23.csv,1992.8873345829604
d99c2dc39d6914baf7c0.csv,4603.587652831953
d99eb0deea52055bce60.csv,13947.976501335761
d9e0c6713ad2b60cdc8e.csv,1065.1069392205036
da5a50b629046570d721.csv,1940.655108413085
da86949c99612617fe73.csv,643.6955126320488
dad03b45fac9bcd74065.csv,2355.7022579793443
db07dad31a44565757ea.csv,1329.8490962205233
dbb92869a542d2433ab6.csv,2593.2685772982854
dbde2530e813cedeff9a.csv,3009.5367299934733
dc0cb9b5966dccb9f3a3.csv,1670.6749178792272
dca572529b4a58f0da8b.csv,34866.66688399184
dd4a91dac309471f3556.csv,16985.611764423826
ddca5dfebf05da28692d.csv,2840.1828717240805
de5ebfb85b9bd2f28d5b.csv,1141.0744771759555
de9896dd51423b236057.csv,2955.237395459768
ded26ba2f0467aa86312.csv,4943.136531557583
dedcec10bf774bdf11a1.csv,2915.781301776923
e02cb2831be553fc40f0.csv,2551.866011684117
e047425d45868416903f.csv,1595.6526825173862
e0bcc63a0e846fb72935.csv,693.044703349145
e0be5c6c696c63df60db.csv,1833.0616638621332
e0c8bdc2166dd79b4e85.csv,28121.53236420473
e0eaa6bd049ccf410a63.csv,3299.950123334156
e0fe71ab58be1b9f6c1c.csv,2390.3055087798416
e101f62b2197f03781fe.csv,3180.4605372462847
e120d0932cb3e808337d.csv,1339.6296681850108
e1299abab0dc21147026.csv,4009.5032494055063
e13ae8610d4346a55cdd.csv,2677.1164586629147
e15498cf553b050c85dc.csv,1815.847112605784
e157740b33467983ca55.csv,2330.428167929917
e1a1dedbb420df817ae4.csv,-208.15211399358108
e1ed0a38444926e3d384.csv,1036.9699995424687
e23cb82b91ecbb8bdd20.csv,2534.3475553847775
e2694fd1eace1109d430.csv,1052.2428036166982
e29d795c67c8c0daac72.csv,14787.356903517437
e2d99c52c52bb45a6197.csv,1270.5709164173659
e30200dffc76c67fff22.csv,1619.098561745965
e30cbd2c0d4d51f7f705.csv,2225.9692363160543
e33bd6cf53a2236099e2.csv,1649.6507902213048
e36424a3db7510dbc916.csv,1356.82329638801
e463abf2a8332b44ad24.csv,3969.2981848871664
e47d977aa2ca775bcab3.csv,1326.3508557034124
e525a797ff514573cf59.csv,2708.913064067937
e60b54ec2d78dff8ae50.csv,4270.6953383190075
e7014b209773b5d3003a.csv,1899.8278215397868
e721ef6c817b0c61fc1d.csv,956.1538292247925
e73e32e29022e19781f3.csv,1619.5743893264703
e74da909775c1e6ea599.csv,1097.1095459309188
e78dcf4b89b74edd81c0.csv,1432.5132606200743
e7e60fe81594c666a040.csv,1753.8547627181238
e854394d804f7543a2cb.csv,2464.270248250992
e8837050a7237065a683.csv,2438.765439871516
e94245bb5a34535a84ec.csv,1038.5302958205941
e9883dce6fcaf1083f9a.csv,1641.4269158198333
ea7e8d275dc295f00f98.csv,1178.3656522849599
eb1aa489a40eec30a4d7.csv,1152.2142775017182
eb2bc0ed60d73cede103.csv,1339.7873115726984
eb60524b06ac683ab328.csv,1202.3267250548636
eb972d8ca5730c697399.csv,457.39384623990804
ebbb7e794abb6d891f6c.csv,2419.640015430718
ebea402cc5a17e276064.csv,1234.9876957112394
ebfa9b9e68928c0705d1.csv,1686.688164993885
ec25606b88ba95917000.csv,3909.817377212835
ecc48078f886dbec7925.csv,777.7722579075873
ed49e07d3a07c4a938d6.csv,2240.565473706335
ed6743ee73d9783bff41.csv,1319.9722458623546
ede88acad9fff0d7a525.csv,2624.301996238585
ee19c2db82df7a0f81be.csv,1235.4932592634696
ee3e26a2d7bdabbf3cb4.csv,1179.6770695107018
ee4ccc65360add07fe92.csv,2404.0496212935823
ee7b0039e1653841c04a.csv,91678.0221423321
ef251ed074f0c8dd8132.csv,2041.6122399330156
ef4e474857c94ae5087b.csv,2679.236287498652
ef64a798ebb8a2109a6c.csv,1249.4716143124283
efc9d424faf9075b5b10.csv,137.87564712461932
efeec65e2fbb1b78a67d.csv,1637.936911522827
effc322059b025e61160.csv,3045.8168859485413
f0875139dde9039237a7.csv,2026.4892736086579
f0ab10c37bb107f837da.csv,2055.8604945653447
f17893214d00dccdeb54.csv,1976.701942068441
f1cf866fbb423b035ea0.csv,2693.7387248043383
f1df36a1f8d0b9474029.csv,2556.199093053449
f23650b58b83b1fb7aa3.csv,11662.590311363418
f2dc5923bd8392cc0d5c.csv,9183.789443866619
f3136779f7f2e2407179.csv,2919.433639757264
f39b9552aa0aa307148f.csv,2374.5050485030956
f3d1243e4f7598420aef.csv,2586.723121416334
f41e387c630b15f707e2.csv,1431.6393667210198
f46d14310cfa2c7cf607.csv,1147.245185235898
f509c242ceef1c7b3085.csv,775.8772631629926
f51db616f544cdc9dd89.csv,1299.0475030444618
f5a11895c48346e00a83.csv,-154.6670238693854
f5a573173c87a2ddc081.csv,2338.479787010473
f5ef77c29349813a7875.csv,228.2936926725105
f795bd6fb7d312fbe48f.csv,1162.9600827679983
f7dd1e5757b90cf0c5c9.csv,1588.2800955964692
f7e47a9c69fa0b9789ba.csv,3076.3392270457543
f7e9b185fa32b9a30593.csv,2600.543064191511
f83b1f56f1598d0bde6f.csv,5306.673241585815
f8898f8c95da7c4f95ae.csv,1483.7569536753113
f8f785c8ce1e896d62f5.csv,-4229.202405565667
f8fb682f941a67c40495.csv,2734.9645539047615
f906dcb01b02aef9d3d0.csv,2686.646260348754
f970ab919dbe381b2857.csv,2591.116159278158
f9959836c4aecb6d37fd.csv,1891.9663134457849
fa0a3959758044ea713a.csv,1542.781090204602
fa42fd5cd70e5d1fda96.csv,1599.240450089122
fa637185dac42ad92e52.csv,5969.038327289058
fa714fac4c3f64a1223f.csv,2703.4766297239057
fa8aa4e78ff9976813d6.csv,1807.307533470043
fa91cea10e01b4928b6d.csv,2438.0500889009977
fab4ac55c5aef140e825.csv,177.95465212925288
fb10f4558b7d2fd1a212.csv,2837.1057951146695
fb328bb7a6d105997f88.csv,2384.1714295842094
fb4c594700593687e160.csv,2376.738793698246
fba6791477a40af1541c.csv,1884.810400501171
fbd5a9a693d5d4dc0bb1.csv,-44744.160020205454
fbe62e615df277b3eda0.csv,4851.257838469551
fc31ec603291154b51bc.csv,2304.3063483865085
fcc71701234c2a643c15.csv,-3426.1189310352243
fd1f3edebeebd88b292a.csv,1442.9295735251005
fd9007b9b98120bb8e3e.csv,1980.7463299276674
fddbe0925ebbe517afe7.csv,3503.035353821406
fe3434192124e7b6854e.csv,2569.574728320332
fe3afa81fa753973a2f5.csv,1302.6666600152398
fe641eb6d5d23e6ffb2f.csv,2557.661273954244
fecdd7b3102eb02d513a.csv,1321.7087878603961
ff3527410aa4836cd207.csv,1321.7882109416507
ff50182318cfacec4a85.csv,-129.05284012355838
ff94c8e662eccf65a488.csv,2946.3568466773368
ffb78f9b18e44f78bd49.csv,2479.3455451713817
ffbefac0e4396bacb898.csv,1048.602006654442
ffe279f5242310018444.csv,1286.1333485312311
